{
  "embedding_dim": 768,
  "vocab_size": 2048,
  "sample_count": 16,
  "embeddings": {
    "√jñā": {
      "vector": [
        0.30027589853515363,
        1.2392456948862982,
        2.1730232680160415,
        -0.47562054219786837,
        0.09485716228599307,
        -0.3272897982285127,
        -1.3631669609037822,
        -0.5132761880929732,
        -0.5711235959632084,
        1.4827285758067015,
        "...truncated..."
      ],
      "norm": 28.28789410775111,
      "trained": true
    },
    "√vid": {
      "vector": [
        0.10349065920412284,
        1.4278358104180817,
        0.5895935017690245,
        1.5520869410784983,
        0.6115133752459001,
        0.5715893427587231,
        -0.6383557764702654,
        -1.3648963433804249,
        1.5725124794753176,
        0.09343106406459425,
        "...truncated..."
      ],
      "norm": 27.628964617441262,
      "trained": true
    },
    "√budh": {
      "vector": [
        0.32486861751784396,
        0.8175321728046091,
        2.3269682778370933,
        -1.4086093546234013,
        -1.5470931058067012,
        -0.33785362863462354,
        -1.6290222669756032,
        1.0542768914231948,
        -1.0274064967315677,
        -0.08570291784240261,
        "...truncated..."
      ],
      "norm": 27.731525736911863,
      "trained": true
    },
    "√man": {
      "vector": [
        -0.45608384406998237,
        0.22827814742413124,
        -0.9947044352924225,
        -1.5149528434372694,
        -0.4616128703727613,
        1.0687931615311455,
        -1.5255249773590476,
        -0.08268918427564081,
        0.46949595993206594,
        -0.6599467442188122,
        "...truncated..."
      ],
      "norm": 28.427698466555597,
      "trained": true
    },
    "√gam": {
      "vector": [
        -0.00038808885624385433,
        1.848141159892104,
        0.15332514113096984,
        1.1344018806017637,
        -1.5642286949342545,
        -0.1254991627094615,
        0.0648598920834845,
        0.2365801971974637,
        -0.10668501971977981,
        -0.92774697523952,
        "...truncated..."
      ],
      "norm": 28.425526099807147,
      "trained": true
    },
    "√sthā": {
      "vector": [
        1.27449333044245,
        0.4038793174106228,
        -0.11498185430141862,
        -0.3785168953508056,
        0.5213675670120224,
        -1.2626412998482643,
        0.14673157894271596,
        0.12309064009284461,
        0.7012129661444879,
        -0.049445040290089795,
        "...truncated..."
      ],
      "norm": 26.870151093870035,
      "trained": true
    },
    "√bhū": {
      "vector": [
        -0.15175044721233596,
        -0.9864558475518631,
        -0.49843387927222976,
        0.4924766405363183,
        0.343986404575834,
        -1.4859337555436607,
        0.42984880078359594,
        1.0966758927438756,
        1.2678025534626032,
        0.24581405998625827,
        "...truncated..."
      ],
      "norm": 28.66163297784618,
      "trained": true
    },
    "√kṛ": {
      "vector": [
        1.6909938083264042,
        -1.1688976014416061,
        -0.07136784590974667,
        -1.1291012128111073,
        0.8522242386810018,
        0.7366946031085111,
        0.1331525159350087,
        0.8082423511854163,
        -1.7883864147191215,
        -0.29632766021218887,
        "...truncated..."
      ],
      "norm": 27.16919795521626,
      "trained": true
    },
    "√as": {
      "vector": [
        0.943141568041817,
        1.6497057845475664,
        -0.4668927995310235,
        0.7498918479769426,
        0.2067193997443864,
        -0.607232180156921,
        1.4338571948692505,
        1.0141892004976647,
        0.4188006237538887,
        1.1698993601381573,
        "...truncated..."
      ],
      "norm": 27.727972996621848,
      "trained": true
    },
    "√vac": {
      "vector": [
        -0.06190276342737192,
        -0.6790046718317131,
        0.08710555242990725,
        1.1358983391323654,
        -1.497424808137013,
        0.4684358727228027,
        1.2800214700144383,
        1.9615548872068516,
        -0.15762698750830687,
        -0.901677687419807,
        "...truncated..."
      ],
      "norm": 27.72533305190923,
      "trained": true
    },
    "√dā": {
      "vector": [
        1.124690814896611,
        0.2890316085082931,
        -1.2416088115068504,
        0.8304434255986495,
        0.4662318768091098,
        0.9612289415577029,
        -0.2597913398313055,
        -2.4595863555738986,
        -0.5768876225067939,
        -1.1860763328795982,
        "...truncated..."
      ],
      "norm": 26.82204735765988,
      "trained": true
    },
    "√labh": {
      "vector": [
        0.9183812583545898,
        -0.30427863255905885,
        -1.3195235458691723,
        0.16783689230578158,
        0.018960579641003346,
        0.7641107649965628,
        -0.9669701666765325,
        0.5427571389567385,
        -1.5346235791264957,
        0.1700000342412486,
        "...truncated..."
      ],
      "norm": 27.95798657822148,
      "trained": true
    },
    "√pat": {
      "vector": [
        -0.8398680570978823,
        1.8030487679626552,
        1.2415129812718702,
        -0.0924367262027447,
        0.8215843435697368,
        -0.42370535391377245,
        -0.6427610142652126,
        -0.40034740186958667,
        -0.9967791990267935,
        1.6756222326650374,
        "...truncated..."
      ],
      "norm": 27.62415927351431,
      "trained": true
    },
    "√car": {
      "vector": [
        0.8778375636139505,
        -0.05319625856467685,
        -0.1632632593696682,
        0.4919076732940293,
        0.5472573477169131,
        1.097367096647174,
        0.19686577008166592,
        -1.2922535995638493,
        -1.5034098998028518,
        -1.2381571905831683,
        "...truncated..."
      ],
      "norm": 28.1709911295735,
      "trained": true
    },
    "√vah": {
      "vector": [
        0.42788106377557195,
        -0.9842664224195847,
        1.0782984744895092,
        -1.3433391769100282,
        -0.8530504186654386,
        -1.6083881323200369,
        -0.20577845412720908,
        -1.3683178417365893,
        -0.8530125109609704,
        1.1269152125055593,
        "...truncated..."
      ],
      "norm": 26.99429449429309,
      "trained": true
    },
    "√dhā": {
      "vector": [
        -1.0087518834438935,
        -0.3094945446233062,
        -1.1765815471924486,
        0.5768582822672965,
        0.309365600361004,
        0.3121740603007218,
        0.5698696038564642,
        1.6605989148890317,
        -2.1587525963925094,
        -0.15993531841372302,
        "...truncated..."
      ],
      "norm": 26.02366081086181,
      "trained": true
    }
  }
}